gene	cluster
ENSG00000000938	3
ENSG00000000971	2
ENSG00000001084	4
ENSG00000001561	4
ENSG00000002549	2
ENSG00000002587	2
ENSG00000003056	2
ENSG00000003400	5
ENSG00000003436	3
ENSG00000004534	1
ENSG00000004700	1
ENSG00000004779	1
ENSG00000004866	5
ENSG00000005379	1
ENSG00000005381	2
ENSG00000005486	5
ENSG00000005810	1
ENSG00000005844	5
ENSG00000005884	5
ENSG00000006015	1
ENSG00000006451	3
ENSG00000006459	3
ENSG00000006625	1
ENSG00000006715	1
ENSG00000006747	1
ENSG00000006831	5
ENSG00000007038	5
ENSG00000007129	5
ENSG00000007202	1
ENSG00000007264	2
ENSG00000007545	1
ENSG00000008018	1
ENSG00000008056	3
ENSG00000008083	3
ENSG00000008226	1
ENSG00000008394	4
ENSG00000008441	1
ENSG00000008516	3
ENSG00000008988	4
ENSG00000010244	3
ENSG00000010327	2
ENSG00000010404	5
ENSG00000010539	1
ENSG00000010610	5
ENSG00000010810	3
ENSG00000010818	3
ENSG00000011028	2
ENSG00000011198	5
ENSG00000011260	1
ENSG00000011422	3
ENSG00000011478	5
ENSG00000011600	5
ENSG00000012232	1
ENSG00000012660	3
ENSG00000012779	5
ENSG00000012817	1
ENSG00000012983	4
ENSG00000013288	5
ENSG00000013364	1
ENSG00000013523	5
ENSG00000014257	2
ENSG00000014914	5
ENSG00000015171	5
ENSG00000016391	5
ENSG00000017427	5
ENSG00000018610	1
ENSG00000019169	5
ENSG00000019582	5
ENSG00000020577	1
ENSG00000020633	3
ENSG00000021355	3
ENSG00000021852	5
ENSG00000022267	5
ENSG00000023041	1
ENSG00000023445	3
ENSG00000023572	4
ENSG00000023892	1
ENSG00000023902	2
ENSG00000023909	2
ENSG00000025293	3
ENSG00000025708	2
ENSG00000025772	3
ENSG00000026025	3
ENSG00000026508	3
ENSG00000026950	1
ENSG00000027075	5
ENSG00000027697	4
ENSG00000028137	3
ENSG00000028277	2
ENSG00000029153	2
ENSG00000029725	1
ENSG00000030066	1
ENSG00000030582	5
ENSG00000032444	5
ENSG00000033327	3
ENSG00000033800	4
ENSG00000033867	2
ENSG00000034152	3
ENSG00000034510	1
ENSG00000035403	2
ENSG00000038219	1
ENSG00000038427	2
ENSG00000038945	5
ENSG00000039650	1
ENSG00000040531	2
ENSG00000042493	1
ENSG00000042753	2
ENSG00000042980	3
ENSG00000043093	4
ENSG00000043462	3
ENSG00000044574	2
ENSG00000047410	1
ENSG00000047621	2
ENSG00000048392	4
ENSG00000049239	5
ENSG00000049449	1
ENSG00000050405	5
ENSG00000050426	4
ENSG00000050820	5
ENSG00000051108	3
ENSG00000051128	2
ENSG00000051523	1
ENSG00000052795	3
ENSG00000053371	1
ENSG00000053501	4
ENSG00000054277	4
ENSG00000054523	2
ENSG00000055163	5
ENSG00000055332	1
ENSG00000056558	3
ENSG00000057657	3
ENSG00000057704	3
ENSG00000058453	1
ENSG00000059377	4
ENSG00000059378	1
ENSG00000059728	3
ENSG00000059804	3
ENSG00000060138	3
ENSG00000060762	5
ENSG00000060982	3
ENSG00000061938	1
ENSG00000062282	4
ENSG00000062822	1
ENSG00000063046	5
ENSG00000063177	4
ENSG00000064393	5
ENSG00000064607	1
ENSG00000064666	3
ENSG00000065135	2
ENSG00000065243	5
ENSG00000065548	4
ENSG00000065615	2
ENSG00000065809	3
ENSG00000065833	1
ENSG00000065882	2
ENSG00000065911	3
ENSG00000066294	2
ENSG00000066336	5
ENSG00000066697	3
ENSG00000067057	2
ENSG00000067082	3
ENSG00000067167	4
ENSG00000067182	2
ENSG00000067369	1
ENSG00000067560	4
ENSG00000067992	4
ENSG00000068079	1
ENSG00000068366	3
ENSG00000069275	4
ENSG00000069329	4
ENSG00000069667	5
ENSG00000070159	5
ENSG00000070214	2
ENSG00000070367	4
ENSG00000070731	5
ENSG00000070756	5
ENSG00000070770	4
ENSG00000070882	1
ENSG00000071051	3
ENSG00000071054	3
ENSG00000071082	4
ENSG00000071243	4
ENSG00000071626	2
ENSG00000071967	2
ENSG00000072210	5
ENSG00000072401	4
ENSG00000072518	5
ENSG00000072694	2
ENSG00000072818	2
ENSG00000072840	1
ENSG00000073008	3
ENSG00000073464	5
ENSG00000073605	1
ENSG00000073737	1
ENSG00000073756	3
ENSG00000073792	2
ENSG00000073849	2
ENSG00000073921	3
ENSG00000074181	2
ENSG00000074201	4
ENSG00000074410	3
ENSG00000074800	2
ENSG00000074855	1
ENSG00000075151	2
ENSG00000075240	2
ENSG00000075275	2
ENSG00000075292	1
ENSG00000075391	5
ENSG00000075426	3
ENSG00000075539	1
ENSG00000075618	3
ENSG00000075914	1
ENSG00000076053	4
ENSG00000076067	5
ENSG00000076555	5
ENSG00000076641	4
ENSG00000077097	1
ENSG00000077150	3
ENSG00000077380	1
ENSG00000077458	4
ENSG00000077585	3
ENSG00000077984	3
ENSG00000078043	4
ENSG00000078053	2
ENSG00000078061	5
ENSG00000078081	3
ENSG00000078124	5
ENSG00000078140	4
ENSG00000078237	4
ENSG00000078369	3
ENSG00000078674	1
ENSG00000079215	4
ENSG00000079246	4
ENSG00000079308	2
ENSG00000079337	5
ENSG00000079459	5
ENSG00000079739	5
ENSG00000079819	3
ENSG00000079950	4
ENSG00000080371	3
ENSG00000080503	5
ENSG00000080815	4
ENSG00000080819	1
ENSG00000081041	3
ENSG00000081087	4
ENSG00000081177	5
ENSG00000081189	2
ENSG00000081320	4
ENSG00000081923	1
ENSG00000082512	2
ENSG00000082641	1
ENSG00000082781	5
ENSG00000082898	4
ENSG00000082996	4
ENSG00000083312	4
ENSG00000083457	5
ENSG00000083544	4
ENSG00000083845	4
ENSG00000084070	3
ENSG00000084207	5
ENSG00000084674	5
ENSG00000084676	5
ENSG00000084733	4
ENSG00000085231	4
ENSG00000085265	2
ENSG00000085514	5
ENSG00000085662	5
ENSG00000085719	4
ENSG00000086062	3
ENSG00000086289	4
ENSG00000086300	4
ENSG00000086598	4
ENSG00000087086	4
ENSG00000087116	2
ENSG00000087245	2
ENSG00000088367	5
ENSG00000088827	1
ENSG00000089127	1
ENSG00000089157	4
ENSG00000089159	2
ENSG00000089220	5
ENSG00000089248	1
ENSG00000089280	2
ENSG00000089737	5
ENSG00000089820	2
ENSG00000090020	5
ENSG00000090060	4
ENSG00000090104	3
ENSG00000090339	3
ENSG00000090376	4
ENSG00000090382	5
ENSG00000090520	2
ENSG00000090615	1
ENSG00000090659	2
ENSG00000090924	3
ENSG00000091039	3
ENSG00000091106	5
ENSG00000091409	1
ENSG00000091527	2
ENSG00000091640	1
ENSG00000091732	1
ENSG00000092010	1
ENSG00000092820	3
ENSG00000092841	4
ENSG00000092853	1
ENSG00000092871	3
ENSG00000093010	5
ENSG00000094841	4
ENSG00000095066	1
ENSG00000095370	5
ENSG00000095585	1
ENSG00000095970	1
ENSG00000096060	4
ENSG00000096717	2
ENSG00000096746	1
ENSG00000097033	4
ENSG00000099194	5
ENSG00000099282	5
ENSG00000099377	1
ENSG00000099385	1
ENSG00000099625	3
ENSG00000099725	1
ENSG00000099783	2
ENSG00000099817	5
ENSG00000099860	3
ENSG00000099904	5
ENSG00000099968	5
ENSG00000099985	3
ENSG00000099991	1
ENSG00000099995	5
ENSG00000100077	5
ENSG00000100092	5
ENSG00000100099	1
ENSG00000100129	4
ENSG00000100162	5
ENSG00000100181	5
ENSG00000100220	1
ENSG00000100221	3
ENSG00000100234	1
ENSG00000100242	5
ENSG00000100243	5
ENSG00000100292	2
ENSG00000100307	5
ENSG00000100311	3
ENSG00000100316	4
ENSG00000100330	5
ENSG00000100342	5
ENSG00000100345	5
ENSG00000100364	2
ENSG00000100385	1
ENSG00000100439	4
ENSG00000100503	1
ENSG00000100504	1
ENSG00000100519	4
ENSG00000100599	5
ENSG00000100600	2
ENSG00000100605	5
ENSG00000100614	4
ENSG00000100644	3
ENSG00000100647	3
ENSG00000100664	4
ENSG00000100749	2
ENSG00000100764	1
ENSG00000100784	5
ENSG00000100796	1
ENSG00000100813	1
ENSG00000100906	3
ENSG00000100911	1
ENSG00000100985	3
ENSG00000100994	5
ENSG00000101150	2
ENSG00000101161	1
ENSG00000101187	3
ENSG00000101193	4
ENSG00000101224	1
ENSG00000101236	2
ENSG00000101265	2
ENSG00000101290	4
ENSG00000101294	2
ENSG00000101307	5
ENSG00000101336	3
ENSG00000101337	5
ENSG00000101346	5
ENSG00000101347	1
ENSG00000101350	5
ENSG00000101391	1
ENSG00000101439	5
ENSG00000101474	5
ENSG00000101558	4
ENSG00000101577	5
ENSG00000101608	5
ENSG00000101811	2
ENSG00000101846	5
ENSG00000102007	2
ENSG00000102034	5
ENSG00000102125	1
ENSG00000102181	1
ENSG00000102265	3
ENSG00000102409	1
ENSG00000102524	1
ENSG00000102572	5
ENSG00000102699	5
ENSG00000102755	3
ENSG00000102805	5
ENSG00000102879	2
ENSG00000102893	2
ENSG00000102898	4
ENSG00000102921	4
ENSG00000102962	3
ENSG00000102970	2
ENSG00000103005	2
ENSG00000103042	2
ENSG00000103111	5
ENSG00000103187	5
ENSG00000103196	3
ENSG00000103249	1
ENSG00000103257	3
ENSG00000103313	3
ENSG00000103319	2
ENSG00000103335	1
ENSG00000103365	5
ENSG00000103489	3
ENSG00000103490	5
ENSG00000103496	2
ENSG00000103510	5
ENSG00000103544	2
ENSG00000103569	3
ENSG00000103994	1
ENSG00000104043	2
ENSG00000104164	4
ENSG00000104205	4
ENSG00000104219	4
ENSG00000104343	4
ENSG00000104365	1
ENSG00000104408	4
ENSG00000104419	3
ENSG00000104442	4
ENSG00000104472	4
ENSG00000104728	1
ENSG00000104738	5
ENSG00000104765	4
ENSG00000104774	5
ENSG00000104783	3
ENSG00000104852	1
ENSG00000104866	1
ENSG00000104885	3
ENSG00000104894	5
ENSG00000104897	5
ENSG00000104904	5
ENSG00000104921	2
ENSG00000105146	4
ENSG00000105173	5
ENSG00000105186	5
ENSG00000105327	1
ENSG00000105372	5
ENSG00000105373	5
ENSG00000105374	2
ENSG00000105401	1
ENSG00000105464	5
ENSG00000105514	2
ENSG00000105559	5
ENSG00000105640	4
ENSG00000105700	5
ENSG00000105723	4
ENSG00000105810	2
ENSG00000105819	1
ENSG00000105835	3
ENSG00000105855	3
ENSG00000105856	3
ENSG00000105879	4
ENSG00000105887	5
ENSG00000105928	2
ENSG00000105948	1
ENSG00000106034	5
ENSG00000106070	2
ENSG00000106077	5
ENSG00000106089	3
ENSG00000106178	1
ENSG00000106366	3
ENSG00000106546	3
ENSG00000106605	5
ENSG00000106638	2
ENSG00000106665	1
ENSG00000106683	1
ENSG00000106780	5
ENSG00000106785	5
ENSG00000106803	1
ENSG00000106868	1
ENSG00000107099	5
ENSG00000107104	3
ENSG00000107130	3
ENSG00000107201	1
ENSG00000107341	5
ENSG00000107372	4
ENSG00000107438	5
ENSG00000107551	1
ENSG00000107581	1
ENSG00000107731	5
ENSG00000107771	4
ENSG00000107957	5
ENSG00000107968	3
ENSG00000108107	4
ENSG00000108179	3
ENSG00000108298	4
ENSG00000108465	1
ENSG00000108479	1
ENSG00000108511	5
ENSG00000108515	1
ENSG00000108518	2
ENSG00000108523	4
ENSG00000108561	4
ENSG00000108576	4
ENSG00000108582	3
ENSG00000108639	5
ENSG00000108651	1
ENSG00000108671	2
ENSG00000108679	5
ENSG00000108688	2
ENSG00000108691	2
ENSG00000108700	1
ENSG00000108774	2
ENSG00000108819	1
ENSG00000108821	1
ENSG00000108829	2
ENSG00000108848	1
ENSG00000108932	3
ENSG00000108950	2
ENSG00000108960	4
ENSG00000109062	5
ENSG00000109099	2
ENSG00000109118	5
ENSG00000109133	4
ENSG00000109158	5
ENSG00000109320	3
ENSG00000109321	3
ENSG00000109436	5
ENSG00000109472	5
ENSG00000109475	4
ENSG00000109586	1
ENSG00000109667	5
ENSG00000109674	2
ENSG00000109861	5
ENSG00000110031	5
ENSG00000110042	5
ENSG00000110047	3
ENSG00000110077	2
ENSG00000110344	5
ENSG00000110395	5
ENSG00000110446	5
ENSG00000110492	1
ENSG00000110651	5
ENSG00000110721	2
ENSG00000110876	5
ENSG00000111052	4
ENSG00000111145	2
ENSG00000111181	1
ENSG00000111275	5
ENSG00000111276	4
ENSG00000111300	2
ENSG00000111331	1
ENSG00000111371	3
ENSG00000111640	3
ENSG00000111642	1
ENSG00000111674	3
ENSG00000111676	5
ENSG00000111716	5
ENSG00000111801	1
ENSG00000111846	1
ENSG00000111863	5
ENSG00000111880	1
ENSG00000111885	5
ENSG00000111906	5
ENSG00000111913	3
ENSG00000111961	5
ENSG00000111962	3
ENSG00000112078	3
ENSG00000112096	3
ENSG00000112137	3
ENSG00000112149	3
ENSG00000112159	1
ENSG00000112249	1
ENSG00000112299	3
ENSG00000112320	5
ENSG00000112343	5
ENSG00000112367	5
ENSG00000112394	3
ENSG00000112419	1
ENSG00000112531	4
ENSG00000112561	2
ENSG00000112576	5
ENSG00000112659	1
ENSG00000112667	2
ENSG00000112715	3
ENSG00000112773	4
ENSG00000112893	1
ENSG00000113013	1
ENSG00000113140	5
ENSG00000113368	2
ENSG00000113369	3
ENSG00000113387	4
ENSG00000113448	3
ENSG00000113522	1
ENSG00000113532	2
ENSG00000113580	4
ENSG00000113583	4
ENSG00000113615	4
ENSG00000113657	2
ENSG00000113719	4
ENSG00000113749	2
ENSG00000114251	3
ENSG00000114315	3
ENSG00000114439	5
ENSG00000114541	2
ENSG00000114650	5
ENSG00000114739	1
ENSG00000114742	5
ENSG00000114770	2
ENSG00000114850	4
ENSG00000114867	2
ENSG00000114978	4
ENSG00000115008	3
ENSG00000115009	3
ENSG00000115053	1
ENSG00000115129	1
ENSG00000115137	1
ENSG00000115155	1
ENSG00000115165	3
ENSG00000115232	2
ENSG00000115267	1
ENSG00000115289	1
ENSG00000115295	4
ENSG00000115306	1
ENSG00000115355	1
ENSG00000115414	5
ENSG00000115415	1
ENSG00000115421	4
ENSG00000115425	5
ENSG00000115457	5
ENSG00000115524	1
ENSG00000115525	1
ENSG00000115590	2
ENSG00000115594	3
ENSG00000115602	4
ENSG00000115604	3
ENSG00000115756	4
ENSG00000115762	2
ENSG00000115828	2
ENSG00000115902	2
ENSG00000115919	3
ENSG00000115966	4
ENSG00000116031	3
ENSG00000116209	5
ENSG00000116260	5
ENSG00000116586	1
ENSG00000116604	3
ENSG00000116667	3
ENSG00000116679	3
ENSG00000116741	3
ENSG00000116774	2
ENSG00000116918	4
ENSG00000116990	2
ENSG00000117020	5
ENSG00000117036	3
ENSG00000117090	3
ENSG00000117091	3
ENSG00000117118	1
ENSG00000117139	3
ENSG00000117151	4
ENSG00000117266	5
ENSG00000117298	3
ENSG00000117335	5
ENSG00000117394	3
ENSG00000117395	1
ENSG00000117523	1
ENSG00000117586	3
ENSG00000117632	5
ENSG00000117643	1
ENSG00000117691	5
ENSG00000117724	1
ENSG00000117758	4
ENSG00000117862	4
ENSG00000117868	2
ENSG00000118160	5
ENSG00000118181	4
ENSG00000118363	2
ENSG00000118503	3
ENSG00000118508	2
ENSG00000118515	2
ENSG00000118557	1
ENSG00000118596	2
ENSG00000118705	2
ENSG00000118762	5
ENSG00000118785	2
ENSG00000118816	5
ENSG00000118971	2
ENSG00000118985	3
ENSG00000119048	4
ENSG00000119138	4
ENSG00000119314	4
ENSG00000119321	1
ENSG00000119335	2
ENSG00000119383	1
ENSG00000119397	1
ENSG00000119408	1
ENSG00000119414	4
ENSG00000119471	4
ENSG00000119508	3
ENSG00000119638	5
ENSG00000119655	2
ENSG00000119681	2
ENSG00000119725	1
ENSG00000119729	3
ENSG00000119778	1
ENSG00000119801	4
ENSG00000119899	4
ENSG00000119900	3
ENSG00000119906	1
ENSG00000119917	1
ENSG00000119922	1
ENSG00000120008	1
ENSG00000120063	3
ENSG00000120129	3
ENSG00000120519	1
ENSG00000120645	5
ENSG00000120694	3
ENSG00000120725	1
ENSG00000120727	4
ENSG00000120802	1
ENSG00000120875	3
ENSG00000120885	2
ENSG00000120899	5
ENSG00000120948	1
ENSG00000121064	5
ENSG00000121210	5
ENSG00000121281	1
ENSG00000121310	5
ENSG00000121316	5
ENSG00000121481	4
ENSG00000121579	4
ENSG00000121691	5
ENSG00000121749	4
ENSG00000121797	3
ENSG00000121807	2
ENSG00000121864	4
ENSG00000121964	4
ENSG00000121966	3
ENSG00000122025	2
ENSG00000122203	5
ENSG00000122254	2
ENSG00000122299	4
ENSG00000122378	1
ENSG00000122566	1
ENSG00000122591	4
ENSG00000122643	1
ENSG00000122705	1
ENSG00000122729	5
ENSG00000122862	3
ENSG00000122965	2
ENSG00000122986	5
ENSG00000123094	5
ENSG00000123104	1
ENSG00000123200	1
ENSG00000123329	1
ENSG00000123338	5
ENSG00000123342	3
ENSG00000123358	3
ENSG00000123360	5
ENSG00000123384	5
ENSG00000123562	4
ENSG00000123575	4
ENSG00000123595	4
ENSG00000123609	1
ENSG00000123636	1
ENSG00000123643	2
ENSG00000123689	3
ENSG00000123908	3
ENSG00000123983	2
ENSG00000124145	3
ENSG00000124151	2
ENSG00000124164	4
ENSG00000124172	1
ENSG00000124203	4
ENSG00000124216	3
ENSG00000124226	4
ENSG00000124313	5
ENSG00000124357	1
ENSG00000124383	1
ENSG00000124422	5
ENSG00000124491	2
ENSG00000124570	5
ENSG00000124575	1
ENSG00000124614	4
ENSG00000124731	5
ENSG00000124882	3
ENSG00000125124	5
ENSG00000125304	4
ENSG00000125356	1
ENSG00000125375	1
ENSG00000125430	3
ENSG00000125454	1
ENSG00000125538	3
ENSG00000125691	4
ENSG00000125733	3
ENSG00000125735	3
ENSG00000125740	3
ENSG00000125741	1
ENSG00000125810	3
ENSG00000125844	1
ENSG00000125971	4
ENSG00000126001	1
ENSG00000126067	2
ENSG00000126247	2
ENSG00000126709	1
ENSG00000126759	3
ENSG00000126767	3
ENSG00000126773	1
ENSG00000126790	1
ENSG00000126804	1
ENSG00000127022	2
ENSG00000127124	2
ENSG00000127314	4
ENSG00000127415	5
ENSG00000127418	1
ENSG00000127507	3
ENSG00000127511	5
ENSG00000127603	2
ENSG00000127616	1
ENSG00000127663	4
ENSG00000127824	2
ENSG00000127838	2
ENSG00000127914	5
ENSG00000127951	2
ENSG00000128016	3
ENSG00000128050	2
ENSG00000128245	5
ENSG00000128268	5
ENSG00000128335	1
ENSG00000128383	1
ENSG00000128487	2
ENSG00000128512	3
ENSG00000128563	1
ENSG00000128590	3
ENSG00000128595	2
ENSG00000128699	1
ENSG00000128731	1
ENSG00000128928	5
ENSG00000128989	4
ENSG00000129028	5
ENSG00000129103	5
ENSG00000129128	4
ENSG00000129158	4
ENSG00000129226	4
ENSG00000129315	4
ENSG00000129351	2
ENSG00000129465	5
ENSG00000129538	2
ENSG00000129562	4
ENSG00000129566	1
ENSG00000129991	4
ENSG00000130052	2
ENSG00000130147	5
ENSG00000130203	1
ENSG00000130208	5
ENSG00000130222	2
ENSG00000130254	1
ENSG00000130303	1
ENSG00000130338	5
ENSG00000130340	3
ENSG00000130396	5
ENSG00000130402	5
ENSG00000130429	1
ENSG00000130449	3
ENSG00000130487	1
ENSG00000130559	5
ENSG00000130720	4
ENSG00000130723	5
ENSG00000130726	1
ENSG00000130741	4
ENSG00000130770	1
ENSG00000130775	5
ENSG00000130816	1
ENSG00000130830	2
ENSG00000130985	2
ENSG00000131002	1
ENSG00000131016	3
ENSG00000131018	2
ENSG00000131126	4
ENSG00000131143	1
ENSG00000131171	4
ENSG00000131187	1
ENSG00000131242	5
ENSG00000131355	5
ENSG00000131378	3
ENSG00000131389	5
ENSG00000131401	5
ENSG00000131408	5
ENSG00000131471	5
ENSG00000131480	4
ENSG00000131504	5
ENSG00000131508	4
ENSG00000131669	3
ENSG00000131724	4
ENSG00000131759	5
ENSG00000131873	2
ENSG00000131876	4
ENSG00000131979	3
ENSG00000131981	5
ENSG00000132002	3
ENSG00000132109	1
ENSG00000132170	5
ENSG00000132274	1
ENSG00000132294	4
ENSG00000132300	1
ENSG00000132326	5
ENSG00000132334	3
ENSG00000132357	2
ENSG00000132471	5
ENSG00000132507	2
ENSG00000132510	3
ENSG00000132514	3
ENSG00000132530	1
ENSG00000132581	1
ENSG00000132589	5
ENSG00000132612	1
ENSG00000132613	1
ENSG00000132635	5
ENSG00000132664	1
ENSG00000132669	2
ENSG00000132780	1
ENSG00000132938	1
ENSG00000132965	5
ENSG00000133048	1
ENSG00000133106	1
ENSG00000133112	4
ENSG00000133142	1
ENSG00000133195	1
ENSG00000133216	2
ENSG00000133318	5
ENSG00000133561	1
ENSG00000133574	1
ENSG00000133606	5
ENSG00000133639	3
ENSG00000133657	3
ENSG00000133731	1
ENSG00000133789	2
ENSG00000133800	2
ENSG00000133805	3
ENSG00000133816	2
ENSG00000133872	5
ENSG00000134028	3
ENSG00000134061	2
ENSG00000134070	3
ENSG00000134072	1
ENSG00000134107	3
ENSG00000134108	3
ENSG00000134109	3
ENSG00000134152	3
ENSG00000134256	5
ENSG00000134294	4
ENSG00000134313	1
ENSG00000134321	1
ENSG00000134333	4
ENSG00000134375	2
ENSG00000134440	1
ENSG00000134508	5
ENSG00000134531	2
ENSG00000134590	2
ENSG00000134602	3
ENSG00000134686	3
ENSG00000134697	1
ENSG00000134744	5
ENSG00000134755	4
ENSG00000134900	1
ENSG00000134910	2
ENSG00000134970	4
ENSG00000134996	4
ENSG00000135018	4
ENSG00000135047	2
ENSG00000135048	3
ENSG00000135049	4
ENSG00000135074	3
ENSG00000135077	2
ENSG00000135090	1
ENSG00000135094	3
ENSG00000135241	3
ENSG00000135269	3
ENSG00000135363	1
ENSG00000135404	2
ENSG00000135424	2
ENSG00000135486	3
ENSG00000135521	4
ENSG00000135535	4
ENSG00000135549	3
ENSG00000135604	3
ENSG00000135624	2
ENSG00000135636	2
ENSG00000135766	4
ENSG00000135821	4
ENSG00000135838	2
ENSG00000135917	5
ENSG00000135926	5
ENSG00000135931	1
ENSG00000135940	1
ENSG00000135956	5
ENSG00000136003	5
ENSG00000136010	1
ENSG00000136040	2
ENSG00000136044	2
ENSG00000136052	3
ENSG00000136068	2
ENSG00000136111	5
ENSG00000136156	5
ENSG00000136158	2
ENSG00000136160	2
ENSG00000136231	1
ENSG00000136238	4
ENSG00000136295	2
ENSG00000136383	5
ENSG00000136485	1
ENSG00000136490	2
ENSG00000136630	3
ENSG00000136643	1
ENSG00000136689	3
ENSG00000136732	5
ENSG00000136810	4
ENSG00000136816	1
ENSG00000136826	3
ENSG00000136830	2
ENSG00000136867	4
ENSG00000136937	4
ENSG00000136940	4
ENSG00000136942	4
ENSG00000136960	2
ENSG00000136997	2
ENSG00000137054	5
ENSG00000137166	5
ENSG00000137193	2
ENSG00000137265	3
ENSG00000137266	1
ENSG00000137288	1
ENSG00000137309	2
ENSG00000137331	3
ENSG00000137393	3
ENSG00000137409	5
ENSG00000137462	3
ENSG00000137474	2
ENSG00000137478	2
ENSG00000137486	5
ENSG00000137494	5
ENSG00000137497	1
ENSG00000137575	4
ENSG00000137628	1
ENSG00000137672	5
ENSG00000137673	1
ENSG00000137767	1
ENSG00000137776	1
ENSG00000137801	3
ENSG00000137818	4
ENSG00000137824	5
ENSG00000137834	5
ENSG00000137841	1
ENSG00000137845	1
ENSG00000137877	1
ENSG00000137936	5
ENSG00000137959	1
ENSG00000137965	1
ENSG00000138018	1
ENSG00000138050	1
ENSG00000138061	2
ENSG00000138080	2
ENSG00000138119	1
ENSG00000138175	2
ENSG00000138190	1
ENSG00000138207	5
ENSG00000138246	1
ENSG00000138326	4
ENSG00000138378	3
ENSG00000138399	1
ENSG00000138413	2
ENSG00000138448	3
ENSG00000138449	1
ENSG00000138496	1
ENSG00000138593	5
ENSG00000138750	4
ENSG00000138755	2
ENSG00000138756	2
ENSG00000138758	5
ENSG00000138760	1
ENSG00000138771	5
ENSG00000138778	5
ENSG00000138801	1
ENSG00000138802	4
ENSG00000138821	3
ENSG00000139112	5
ENSG00000139132	1
ENSG00000139133	4
ENSG00000139173	1
ENSG00000139178	5
ENSG00000139211	5
ENSG00000139218	1
ENSG00000139239	4
ENSG00000139289	3
ENSG00000139344	1
ENSG00000139514	2
ENSG00000139567	5
ENSG00000139572	3
ENSG00000139620	5
ENSG00000139624	2
ENSG00000139629	1
ENSG00000139644	4
ENSG00000139679	2
ENSG00000139725	3
ENSG00000139946	4
ENSG00000139970	5
ENSG00000139974	1
ENSG00000140092	1
ENSG00000140262	2
ENSG00000140264	1
ENSG00000140391	5
ENSG00000140395	4
ENSG00000140406	3
ENSG00000140416	1
ENSG00000140455	4
ENSG00000140479	2
ENSG00000140545	4
ENSG00000140563	3
ENSG00000140749	2
ENSG00000140830	1
ENSG00000140836	5
ENSG00000140853	1
ENSG00000140859	3
ENSG00000140941	3
ENSG00000140961	2
ENSG00000140968	5
ENSG00000140988	4
ENSG00000141002	1
ENSG00000141096	4
ENSG00000141298	5
ENSG00000141376	5
ENSG00000141452	4
ENSG00000141458	2
ENSG00000141480	5
ENSG00000141497	5
ENSG00000141503	5
ENSG00000141506	3
ENSG00000141543	2
ENSG00000141574	5
ENSG00000141582	5
ENSG00000141646	4
ENSG00000141655	2
ENSG00000141696	1
ENSG00000141753	2
ENSG00000141858	1
ENSG00000142089	2
ENSG00000142178	3
ENSG00000142185	2
ENSG00000142197	1
ENSG00000142208	5
ENSG00000142227	2
ENSG00000142327	5
ENSG00000142494	5
ENSG00000142507	1
ENSG00000142512	2
ENSG00000142541	4
ENSG00000142552	1
ENSG00000142599	1
ENSG00000142621	1
ENSG00000142657	4
ENSG00000142676	4
ENSG00000142910	4
ENSG00000143067	3
ENSG00000143079	3
ENSG00000143119	4
ENSG00000143153	5
ENSG00000143179	2
ENSG00000143226	3
ENSG00000143321	3
ENSG00000143322	3
ENSG00000143344	2
ENSG00000143369	2
ENSG00000143374	1
ENSG00000143382	5
ENSG00000143479	3
ENSG00000143507	3
ENSG00000143514	3
ENSG00000143515	2
ENSG00000143549	2
ENSG00000143622	3
ENSG00000143627	4
ENSG00000143702	2
ENSG00000143748	1
ENSG00000143799	1
ENSG00000143815	2
ENSG00000143851	2
ENSG00000143870	2
ENSG00000143878	3
ENSG00000143889	1
ENSG00000143891	2
ENSG00000144029	1
ENSG00000144136	2
ENSG00000144468	1
ENSG00000144476	5
ENSG00000144554	5
ENSG00000144567	5
ENSG00000144597	3
ENSG00000144668	2
ENSG00000144674	1
ENSG00000144711	5
ENSG00000144713	4
ENSG00000144746	4
ENSG00000144802	3
ENSG00000144843	5
ENSG00000144867	4
ENSG00000144895	4
ENSG00000144909	5
ENSG00000145050	2
ENSG00000145088	2
ENSG00000145107	2
ENSG00000145191	1
ENSG00000145335	2
ENSG00000145390	3
ENSG00000145476	1
ENSG00000145555	2
ENSG00000145592	4
ENSG00000145675	2
ENSG00000145685	2
ENSG00000145723	4
ENSG00000145734	1
ENSG00000145741	4
ENSG00000145743	5
ENSG00000145779	3
ENSG00000145780	4
ENSG00000145860	3
ENSG00000145901	3
ENSG00000145907	4
ENSG00000145936	1
ENSG00000146054	1
ENSG00000146070	2
ENSG00000146072	3
ENSG00000146083	5
ENSG00000146278	3
ENSG00000146376	1
ENSG00000146409	2
ENSG00000146457	3
ENSG00000146535	2
ENSG00000146700	5
ENSG00000146731	2
ENSG00000146733	1
ENSG00000146826	1
ENSG00000146909	1
ENSG00000147065	3
ENSG00000147118	1
ENSG00000147251	5
ENSG00000147403	4
ENSG00000147416	2
ENSG00000147443	5
ENSG00000147454	3
ENSG00000147459	3
ENSG00000147475	1
ENSG00000147488	3
ENSG00000147650	2
ENSG00000147677	4
ENSG00000147684	1
ENSG00000147872	4
ENSG00000148082	1
ENSG00000148154	3
ENSG00000148175	4
ENSG00000148180	1
ENSG00000148248	2
ENSG00000148303	4
ENSG00000148400	5
ENSG00000148459	2
ENSG00000148572	5
ENSG00000148730	5
ENSG00000148773	1
ENSG00000148832	1
ENSG00000148926	3
ENSG00000149115	2
ENSG00000149131	5
ENSG00000149150	2
ENSG00000149257	3
ENSG00000149262	1
ENSG00000149273	4
ENSG00000149289	3
ENSG00000149357	5
ENSG00000149428	2
ENSG00000149541	1
ENSG00000149573	5
ENSG00000149577	5
ENSG00000149591	5
ENSG00000149639	1
ENSG00000149657	1
ENSG00000149798	3
ENSG00000149823	1
ENSG00000149925	5
ENSG00000150316	1
ENSG00000150337	1
ENSG00000150347	3
ENSG00000150540	4
ENSG00000150593	5
ENSG00000150637	3
ENSG00000150753	1
ENSG00000150760	1
ENSG00000150907	5
ENSG00000150938	5
ENSG00000150961	2
ENSG00000150977	3
ENSG00000151012	3
ENSG00000151014	3
ENSG00000151092	1
ENSG00000151176	2
ENSG00000151247	2
ENSG00000151332	4
ENSG00000151364	1
ENSG00000151414	4
ENSG00000151491	2
ENSG00000151650	2
ENSG00000151651	3
ENSG00000151694	5
ENSG00000151726	3
ENSG00000151893	4
ENSG00000151929	3
ENSG00000152127	5
ENSG00000152147	1
ENSG00000152213	5
ENSG00000152234	1
ENSG00000152242	1
ENSG00000152291	5
ENSG00000152332	4
ENSG00000152409	5
ENSG00000152463	4
ENSG00000152484	3
ENSG00000152683	4
ENSG00000152749	1
ENSG00000152766	2
ENSG00000152778	4
ENSG00000152818	1
ENSG00000153015	1
ENSG00000153029	5
ENSG00000153071	2
ENSG00000153094	3
ENSG00000153113	5
ENSG00000153187	2
ENSG00000153201	1
ENSG00000153208	2
ENSG00000153234	3
ENSG00000153310	2
ENSG00000153395	3
ENSG00000153560	4
ENSG00000153561	4
ENSG00000153815	5
ENSG00000153823	3
ENSG00000154065	2
ENSG00000154122	2
ENSG00000154146	1
ENSG00000154229	2
ENSG00000154309	5
ENSG00000154328	5
ENSG00000154447	2
ENSG00000154511	1
ENSG00000154582	2
ENSG00000154608	1
ENSG00000154639	5
ENSG00000154767	1
ENSG00000154783	5
ENSG00000154813	4
ENSG00000154978	5
ENSG00000155090	4
ENSG00000155096	4
ENSG00000155115	2
ENSG00000155307	3
ENSG00000155313	5
ENSG00000155380	2
ENSG00000155393	2
ENSG00000155561	1
ENSG00000155659	5
ENSG00000155660	2
ENSG00000155846	1
ENSG00000155849	5
ENSG00000155962	4
ENSG00000156030	5
ENSG00000156052	2
ENSG00000156127	2
ENSG00000156304	1
ENSG00000156384	4
ENSG00000156482	4
ENSG00000156508	4
ENSG00000156639	3
ENSG00000156675	5
ENSG00000156709	1
ENSG00000156966	5
ENSG00000157168	3
ENSG00000157184	5
ENSG00000157193	2
ENSG00000157227	3
ENSG00000157326	1
ENSG00000157353	1
ENSG00000157483	2
ENSG00000157514	4
ENSG00000157540	4
ENSG00000157557	3
ENSG00000157601	1
ENSG00000157778	1
ENSG00000157851	4
ENSG00000157933	5
ENSG00000158050	3
ENSG00000158201	1
ENSG00000158406	4
ENSG00000158417	1
ENSG00000158470	3
ENSG00000158481	2
ENSG00000158555	1
ENSG00000158615	3
ENSG00000158769	5
ENSG00000158773	5
ENSG00000158882	1
ENSG00000158985	2
ENSG00000159128	2
ENSG00000159200	3
ENSG00000159228	1
ENSG00000159335	5
ENSG00000159346	4
ENSG00000159461	5
ENSG00000159640	1
ENSG00000159658	5
ENSG00000160014	2
ENSG00000160049	1
ENSG00000160179	5
ENSG00000160208	1
ENSG00000160211	5
ENSG00000160213	2
ENSG00000160214	2
ENSG00000160255	1
ENSG00000160294	1
ENSG00000160326	3
ENSG00000160570	5
ENSG00000160593	5
ENSG00000160712	3
ENSG00000160741	3
ENSG00000160791	2
ENSG00000160818	1
ENSG00000160883	1
ENSG00000160932	5
ENSG00000161011	3
ENSG00000161513	1
ENSG00000161544	5
ENSG00000161835	3
ENSG00000161911	1
ENSG00000161921	5
ENSG00000161929	5
ENSG00000161944	2
ENSG00000161960	2
ENSG00000162073	1
ENSG00000162244	4
ENSG00000162337	1
ENSG00000162390	2
ENSG00000162413	3
ENSG00000162430	5
ENSG00000162434	3
ENSG00000162496	5
ENSG00000162511	4
ENSG00000162512	1
ENSG00000162522	5
ENSG00000162599	5
ENSG00000162614	1
ENSG00000162702	3
ENSG00000162704	4
ENSG00000162711	3
ENSG00000162729	1
ENSG00000162734	3
ENSG00000162735	4
ENSG00000162736	5
ENSG00000162739	2
ENSG00000162745	2
ENSG00000162819	4
ENSG00000162924	3
ENSG00000162959	4
ENSG00000163110	4
ENSG00000163162	5
ENSG00000163171	5
ENSG00000163191	5
ENSG00000163251	2
ENSG00000163297	2
ENSG00000163320	4
ENSG00000163349	3
ENSG00000163399	3
ENSG00000163412	2
ENSG00000163468	2
ENSG00000163513	5
ENSG00000163563	1
ENSG00000163565	1
ENSG00000163597	3
ENSG00000163602	3
ENSG00000163659	4
ENSG00000163683	5
ENSG00000163734	3
ENSG00000163735	3
ENSG00000163739	3
ENSG00000163814	5
ENSG00000163823	2
ENSG00000163840	1
ENSG00000163874	3
ENSG00000163931	5
ENSG00000163946	1
ENSG00000163947	1
ENSG00000163993	1
ENSG00000164023	5
ENSG00000164048	5
ENSG00000164088	1
ENSG00000164114	1
ENSG00000164120	4
ENSG00000164125	2
ENSG00000164134	2
ENSG00000164151	1
ENSG00000164163	4
ENSG00000164266	4
ENSG00000164291	1
ENSG00000164292	2
ENSG00000164463	4
ENSG00000164587	4
ENSG00000164603	2
ENSG00000164649	5
ENSG00000164733	2
ENSG00000164919	1
ENSG00000164924	3
ENSG00000164935	1
ENSG00000164949	3
ENSG00000165030	3
ENSG00000165092	5
ENSG00000165097	1
ENSG00000165102	4
ENSG00000165168	1
ENSG00000165175	5
ENSG00000165288	3
ENSG00000165312	3
ENSG00000165322	1
ENSG00000165338	4
ENSG00000165389	1
ENSG00000165417	2
ENSG00000165424	5
ENSG00000165457	2
ENSG00000165525	1
ENSG00000165568	1
ENSG00000165671	1
ENSG00000165732	3
ENSG00000165795	3
ENSG00000165801	2
ENSG00000165914	5
ENSG00000165916	2
ENSG00000165934	4
ENSG00000165949	1
ENSG00000165997	3
ENSG00000166025	5
ENSG00000166033	2
ENSG00000166068	1
ENSG00000166128	3
ENSG00000166165	3
ENSG00000166200	4
ENSG00000166224	2
ENSG00000166268	4
ENSG00000166278	5
ENSG00000166340	2
ENSG00000166341	2
ENSG00000166377	1
ENSG00000166444	5
ENSG00000166451	5
ENSG00000166477	1
ENSG00000166501	2
ENSG00000166598	2
ENSG00000166670	3
ENSG00000166681	1
ENSG00000166710	1
ENSG00000166716	5
ENSG00000166741	4
ENSG00000166783	5
ENSG00000166793	1
ENSG00000166794	2
ENSG00000166801	5
ENSG00000166803	1
ENSG00000166825	3
ENSG00000166860	1
ENSG00000166927	5
ENSG00000166987	5
ENSG00000167004	2
ENSG00000167173	3
ENSG00000167261	5
ENSG00000167323	5
ENSG00000167371	4
ENSG00000167460	3
ENSG00000167468	5
ENSG00000167526	4
ENSG00000167535	5
ENSG00000167553	2
ENSG00000167588	5
ENSG00000167600	3
ENSG00000167601	5
ENSG00000167645	2
ENSG00000167658	5
ENSG00000167680	3
ENSG00000167703	3
ENSG00000167721	1
ENSG00000167772	3
ENSG00000167850	5
ENSG00000167881	4
ENSG00000167987	5
ENSG00000167994	2
ENSG00000167996	3
ENSG00000168016	1
ENSG00000168036	4
ENSG00000168040	1
ENSG00000168062	1
ENSG00000168071	5
ENSG00000168092	4
ENSG00000168152	1
ENSG00000168172	4
ENSG00000168209	3
ENSG00000168214	2
ENSG00000168216	4
ENSG00000168259	2
ENSG00000168268	2
ENSG00000168273	2
ENSG00000168291	1
ENSG00000168297	4
ENSG00000168300	5
ENSG00000168329	3
ENSG00000168394	2
ENSG00000168546	2
ENSG00000168610	3
ENSG00000168615	2
ENSG00000168685	3
ENSG00000168778	1
ENSG00000168792	5
ENSG00000168818	1
ENSG00000168899	1
ENSG00000168906	2
ENSG00000168924	1
ENSG00000169018	2
ENSG00000169032	3
ENSG00000169045	2
ENSG00000169083	5
ENSG00000169085	4
ENSG00000169105	5
ENSG00000169122	5
ENSG00000169245	1
ENSG00000169248	1
ENSG00000169282	5
ENSG00000169299	2
ENSG00000169359	2
ENSG00000169385	2
ENSG00000169429	3
ENSG00000169436	1
ENSG00000169439	3
ENSG00000169442	5
ENSG00000169446	4
ENSG00000169508	3
ENSG00000169564	2
ENSG00000169567	4
ENSG00000169621	4
ENSG00000169756	3
ENSG00000169860	4
ENSG00000169896	2
ENSG00000169902	2
ENSG00000170004	2
ENSG00000170006	3
ENSG00000170017	2
ENSG00000170075	4
ENSG00000170144	2
ENSG00000170145	5
ENSG00000170275	5
ENSG00000170315	5
ENSG00000170323	5
ENSG00000170439	2
ENSG00000170502	1
ENSG00000170525	3
ENSG00000170540	4
ENSG00000170542	3
ENSG00000170571	2
ENSG00000170581	1
ENSG00000170684	2
ENSG00000170802	4
ENSG00000170873	3
ENSG00000170915	1
ENSG00000170921	5
ENSG00000170956	4
ENSG00000171049	4
ENSG00000171051	3
ENSG00000171115	1
ENSG00000171132	4
ENSG00000171135	1
ENSG00000171208	2
ENSG00000171223	3
ENSG00000171298	5
ENSG00000171310	2
ENSG00000171316	5
ENSG00000171421	1
ENSG00000171428	1
ENSG00000171617	2
ENSG00000171621	3
ENSG00000171631	2
ENSG00000171634	1
ENSG00000171657	2
ENSG00000171700	5
ENSG00000171714	5
ENSG00000171724	4
ENSG00000171729	2
ENSG00000171853	5
ENSG00000171860	2
ENSG00000171862	4
ENSG00000171940	5
ENSG00000172059	4
ENSG00000172164	4
ENSG00000172175	3
ENSG00000172183	3
ENSG00000172216	5
ENSG00000172269	4
ENSG00000172270	5
ENSG00000172350	4
ENSG00000172354	5
ENSG00000172409	5
ENSG00000172465	1
ENSG00000172548	3
ENSG00000172594	2
ENSG00000172795	4
ENSG00000172809	4
ENSG00000172819	1
ENSG00000172889	1
ENSG00000172936	5
ENSG00000172939	3
ENSG00000172985	2
ENSG00000173020	5
ENSG00000173039	3
ENSG00000173065	5
ENSG00000173120	1
ENSG00000173166	2
ENSG00000173193	1
ENSG00000173198	5
ENSG00000173214	1
ENSG00000173221	4
ENSG00000173230	1
ENSG00000173372	5
ENSG00000173451	3
ENSG00000173545	1
ENSG00000173546	5
ENSG00000173597	4
ENSG00000173611	1
ENSG00000173706	1
ENSG00000173726	4
ENSG00000173744	4
ENSG00000173757	3
ENSG00000173801	1
ENSG00000173812	3
ENSG00000173821	1
ENSG00000173846	3
ENSG00000173848	5
ENSG00000173889	4
ENSG00000174080	5
ENSG00000174130	2
ENSG00000174197	1
ENSG00000174243	1
ENSG00000174282	5
ENSG00000174437	2
ENSG00000174444	4
ENSG00000174516	5
ENSG00000174547	1
ENSG00000174600	2
ENSG00000174705	3
ENSG00000174744	1
ENSG00000174780	4
ENSG00000174799	2
ENSG00000174804	4
ENSG00000174837	5
ENSG00000175040	3
ENSG00000175061	4
ENSG00000175115	5
ENSG00000175130	3
ENSG00000175274	1
ENSG00000175354	3
ENSG00000175390	5
ENSG00000175416	1
ENSG00000175463	5
ENSG00000175467	1
ENSG00000175538	5
ENSG00000175550	1
ENSG00000175556	5
ENSG00000175591	2
ENSG00000175592	3
ENSG00000175730	1
ENSG00000175806	5
ENSG00000175874	5
ENSG00000175899	2
ENSG00000176022	1
ENSG00000176046	5
ENSG00000176102	1
ENSG00000176142	2
ENSG00000176165	4
ENSG00000176170	3
ENSG00000176171	3
ENSG00000176485	5
ENSG00000176597	2
ENSG00000176658	2
ENSG00000176788	3
ENSG00000176994	1
ENSG00000177096	4
ENSG00000177191	2
ENSG00000177225	1
ENSG00000177272	5
ENSG00000177374	3
ENSG00000177409	1
ENSG00000177410	4
ENSG00000177469	2
ENSG00000177613	1
ENSG00000177628	2
ENSG00000177666	5
ENSG00000177675	2
ENSG00000177697	5
ENSG00000177706	2
ENSG00000177728	5
ENSG00000177954	4
ENSG00000177963	1
ENSG00000178053	5
ENSG00000178199	2
ENSG00000178217	5
ENSG00000178307	4
ENSG00000178573	2
ENSG00000178623	3
ENSG00000178719	5
ENSG00000178726	3
ENSG00000178741	4
ENSG00000178860	3
ENSG00000178952	1
ENSG00000179051	1
ENSG00000179057	5
ENSG00000179094	4
ENSG00000179144	1
ENSG00000179151	1
ENSG00000179218	2
ENSG00000179241	2
ENSG00000179271	1
ENSG00000179331	2
ENSG00000179344	5
ENSG00000179593	4
ENSG00000179630	2
ENSG00000179639	3
ENSG00000179820	3
ENSG00000179967	5
ENSG00000180008	4
ENSG00000180263	2
ENSG00000180509	3
ENSG00000180530	5
ENSG00000180667	4
ENSG00000180758	3
ENSG00000180773	4
ENSG00000180776	4
ENSG00000181374	2
ENSG00000181381	1
ENSG00000181396	5
ENSG00000181467	2
ENSG00000181634	3
ENSG00000181722	5
ENSG00000181744	2
ENSG00000181788	3
ENSG00000181804	2
ENSG00000182022	3
ENSG00000182095	1
ENSG00000182118	5
ENSG00000182158	2
ENSG00000182162	2
ENSG00000182165	1
ENSG00000182199	1
ENSG00000182287	4
ENSG00000182310	3
ENSG00000182372	2
ENSG00000182568	3
ENSG00000182628	1
ENSG00000182631	4
ENSG00000182782	5
ENSG00000182831	2
ENSG00000182885	3
ENSG00000182985	3
ENSG00000183023	4
ENSG00000183044	5
ENSG00000183087	2
ENSG00000183091	1
ENSG00000183283	2
ENSG00000183291	4
ENSG00000183307	2
ENSG00000183323	5
ENSG00000183340	2
ENSG00000183475	4
ENSG00000183484	3
ENSG00000183486	1
ENSG00000183530	1
ENSG00000183684	2
ENSG00000183688	2
ENSG00000183741	2
ENSG00000183742	5
ENSG00000183779	2
ENSG00000184007	4
ENSG00000184014	5
ENSG00000184060	2
ENSG00000184164	2
ENSG00000184205	3
ENSG00000184216	2
ENSG00000184232	2
ENSG00000184305	3
ENSG00000184441	1
ENSG00000184500	5
ENSG00000184557	3
ENSG00000184588	3
ENSG00000184634	5
ENSG00000184743	5
ENSG00000184752	4
ENSG00000184828	5
ENSG00000184840	1
ENSG00000184887	1
ENSG00000184979	1
ENSG00000184988	2
ENSG00000185070	4
ENSG00000185222	2
ENSG00000185236	5
ENSG00000185262	3
ENSG00000185313	4
ENSG00000185379	1
ENSG00000185475	4
ENSG00000185482	5
ENSG00000185565	5
ENSG00000185650	2
ENSG00000185658	4
ENSG00000185728	4
ENSG00000185745	1
ENSG00000185811	5
ENSG00000185862	5
ENSG00000185885	1
ENSG00000185909	5
ENSG00000185947	3
ENSG00000185950	5
ENSG00000186187	3
ENSG00000186205	4
ENSG00000186222	1
ENSG00000186350	5
ENSG00000186407	3
ENSG00000186417	5
ENSG00000186432	4
ENSG00000186469	3
ENSG00000186470	1
ENSG00000186480	3
ENSG00000186496	5
ENSG00000186591	3
ENSG00000186635	5
ENSG00000186642	3
ENSG00000186665	2
ENSG00000186806	1
ENSG00000186815	2
ENSG00000186818	2
ENSG00000187134	4
ENSG00000187187	5
ENSG00000187446	4
ENSG00000187474	2
ENSG00000187514	2
ENSG00000187605	2
ENSG00000187608	1
ENSG00000187650	1
ENSG00000187688	5
ENSG00000187796	5
ENSG00000187808	5
ENSG00000188042	3
ENSG00000188157	5
ENSG00000188167	1
ENSG00000188177	5
ENSG00000188215	2
ENSG00000188483	2
ENSG00000188641	2
ENSG00000188677	2
ENSG00000188765	5
ENSG00000188846	4
ENSG00000189067	3
ENSG00000189159	5
ENSG00000189221	2
ENSG00000196072	4
ENSG00000196126	5
ENSG00000196139	4
ENSG00000196187	5
ENSG00000196262	1
ENSG00000196295	1
ENSG00000196329	2
ENSG00000196352	3
ENSG00000196365	1
ENSG00000196396	3
ENSG00000196405	5
ENSG00000196418	4
ENSG00000196422	5
ENSG00000196507	1
ENSG00000196510	1
ENSG00000196535	1
ENSG00000196549	5
ENSG00000196562	3
ENSG00000196569	1
ENSG00000196576	1
ENSG00000196586	5
ENSG00000196605	1
ENSG00000196611	3
ENSG00000196628	3
ENSG00000196747	4
ENSG00000196878	3
ENSG00000196935	3
ENSG00000196943	1
ENSG00000197043	2
ENSG00000197093	2
ENSG00000197111	4
ENSG00000197128	1
ENSG00000197136	1
ENSG00000197208	1
ENSG00000197249	5
ENSG00000197321	5
ENSG00000197324	5
ENSG00000197329	3
ENSG00000197355	2
ENSG00000197386	1
ENSG00000197405	3
ENSG00000197461	3
ENSG00000197471	5
ENSG00000197579	1
ENSG00000197646	1
ENSG00000197694	1
ENSG00000197712	2
ENSG00000197728	4
ENSG00000197766	5
ENSG00000197780	2
ENSG00000197798	1
ENSG00000197808	5
ENSG00000197860	3
ENSG00000197872	3
ENSG00000197903	4
ENSG00000197930	3
ENSG00000197956	5
ENSG00000197958	4
ENSG00000197971	5
ENSG00000197989	4
ENSG00000198034	4
ENSG00000198113	2
ENSG00000198121	2
ENSG00000198157	1
ENSG00000198171	1
ENSG00000198189	4
ENSG00000198223	3
ENSG00000198265	2
ENSG00000198355	3
ENSG00000198363	2
ENSG00000198467	1
ENSG00000198520	1
ENSG00000198538	1
ENSG00000198624	2
ENSG00000198625	1
ENSG00000198682	3
ENSG00000198712	3
ENSG00000198715	2
ENSG00000198727	3
ENSG00000198744	5
ENSG00000198752	5
ENSG00000198763	3
ENSG00000198786	3
ENSG00000198792	5
ENSG00000198804	3
ENSG00000198814	3
ENSG00000198816	5
ENSG00000198833	3
ENSG00000198839	4
ENSG00000198840	4
ENSG00000198848	5
ENSG00000198851	1
ENSG00000198879	1
ENSG00000198886	3
ENSG00000198888	3
ENSG00000198899	3
ENSG00000198909	2
ENSG00000198938	4
ENSG00000198959	5
ENSG00000199133	4
ENSG00000199568	4
ENSG00000199753	4
ENSG00000200434	4
ENSG00000200785	4
ENSG00000200890	4
ENSG00000200914	4
ENSG00000201098	4
ENSG00000201413	4
ENSG00000201643	5
ENSG00000201654	4
ENSG00000201966	4
ENSG00000201998	4
ENSG00000202174	4
ENSG00000202198	4
ENSG00000202300	4
ENSG00000202354	4
ENSG00000202538	4
ENSG00000203667	4
ENSG00000203668	3
ENSG00000203709	5
ENSG00000203814	1
ENSG00000204103	2
ENSG00000204104	1
ENSG00000204219	5
ENSG00000204257	5
ENSG00000204264	1
ENSG00000204272	5
ENSG00000204287	5
ENSG00000204387	4
ENSG00000204388	3
ENSG00000204389	3
ENSG00000204396	5
ENSG00000204472	2
ENSG00000204525	1
ENSG00000204574	2
ENSG00000204592	1
ENSG00000204619	4
ENSG00000204628	4
ENSG00000204642	1
ENSG00000204713	5
ENSG00000204839	5
ENSG00000204851	5
ENSG00000205269	4
ENSG00000205302	5
ENSG00000205352	5
ENSG00000205413	1
ENSG00000205542	5
ENSG00000205581	1
ENSG00000205726	1
ENSG00000206190	5
ENSG00000206503	1
ENSG00000206678	4
ENSG00000207142	4
ENSG00000207547	4
ENSG00000209082	4
ENSG00000209702	4
ENSG00000210049	4
ENSG00000210077	4
ENSG00000210082	4
ENSG00000210154	4
ENSG00000210174	4
ENSG00000210176	4
ENSG00000210184	4
ENSG00000211445	5
ENSG00000211456	4
ENSG00000211459	4
ENSG00000211584	2
ENSG00000211698	5
ENSG00000212232	4
ENSG00000212283	5
ENSG00000212447	4
ENSG00000212609	4
ENSG00000212907	3
ENSG00000213024	3
ENSG00000213203	1
ENSG00000213260	4
ENSG00000213433	5
ENSG00000213593	2
ENSG00000213614	5
ENSG00000213639	4
ENSG00000213654	5
ENSG00000213741	4
ENSG00000213923	5
ENSG00000213939	4
ENSG00000214140	5
ENSG00000214269	2
ENSG00000214324	1
ENSG00000214485	4
ENSG00000214708	5
ENSG00000215105	5
ENSG00000215210	5
ENSG00000215414	4
ENSG00000218175	4
ENSG00000219481	1
ENSG00000219507	3
ENSG00000219986	1
ENSG00000220205	5
ENSG00000220472	4
ENSG00000220804	1
ENSG00000221539	4
ENSG00000221823	4
ENSG00000221983	4
ENSG00000222041	2
ENSG00000222076	4
ENSG00000223336	4
ENSG00000223509	4
ENSG00000223546	1
ENSG00000223799	1
ENSG00000223865	5
ENSG00000224334	1
ENSG00000224596	2
ENSG00000224781	1
ENSG00000224968	5
ENSG00000225630	4
ENSG00000225840	4
ENSG00000226415	1
ENSG00000226869	4
ENSG00000227155	1
ENSG00000228232	2
ENSG00000228253	3
ENSG00000228328	1
ENSG00000228929	4
ENSG00000229023	1
ENSG00000229132	4
ENSG00000229419	3
ENSG00000229644	3
ENSG00000229659	1
ENSG00000229932	1
ENSG00000229989	2
ENSG00000230207	1
ENSG00000230393	1
ENSG00000230581	1
ENSG00000230734	4
ENSG00000231389	5
ENSG00000231672	1
ENSG00000231991	1
ENSG00000232112	1
ENSG00000232273	4
ENSG00000232295	5
ENSG00000232328	5
ENSG00000232533	1
ENSG00000232810	3
ENSG00000232952	1
ENSG00000233057	4
ENSG00000233476	4
ENSG00000233954	1
ENSG00000234106	5
ENSG00000234741	4
ENSG00000234745	1
ENSG00000234851	4
ENSG00000235297	5
ENSG00000235554	1
ENSG00000235568	5
ENSG00000235649	4
ENSG00000235655	3
ENSG00000235823	1
ENSG00000236104	5
ENSG00000236240	4
ENSG00000236700	1
ENSG00000236977	1
ENSG00000237161	1
ENSG00000237181	2
ENSG00000237470	1
ENSG00000237513	3
ENSG00000238041	5
ENSG00000239183	2
ENSG00000239268	5
ENSG00000239607	4
ENSG00000239697	5
ENSG00000240065	1
ENSG00000240344	5
ENSG00000240606	4
ENSG00000240859	2
ENSG00000240869	4
ENSG00000241399	4
ENSG00000241886	3
ENSG00000242247	3
ENSG00000242732	1
ENSG00000242894	4
ENSG00000242960	3
ENSG00000243147	1
ENSG00000243155	5
ENSG00000243352	4
ENSG00000243498	3
ENSG00000243905	4
ENSG00000244184	4
ENSG00000244389	4
ENSG00000244405	2
ENSG00000244479	5
ENSG00000244625	1
ENSG00000244682	2
ENSG00000244716	4
ENSG00000245149	1
ENSG00000245910	4
ENSG00000245937	1
ENSG00000246273	2
ENSG00000246705	1
ENSG00000248019	5
ENSG00000248323	3
ENSG00000248429	2
ENSG00000248527	3
ENSG00000248546	1
ENSG00000248873	4
ENSG00000248905	2
ENSG00000249138	3
ENSG00000249274	4
ENSG00000249485	2
ENSG00000249673	4
ENSG00000249850	1
ENSG00000249859	2
ENSG00000250312	1
ENSG00000250722	2
ENSG00000250771	2
ENSG00000250961	4
ENSG00000251333	4
ENSG00000251364	5
ENSG00000252010	4
ENSG00000252139	4
ENSG00000252316	4
ENSG00000252481	4
ENSG00000252745	4
ENSG00000252759	3
ENSG00000253558	1
ENSG00000254087	3
ENSG00000254295	5
ENSG00000254449	1
ENSG00000254760	2
ENSG00000254936	1
ENSG00000255298	4
ENSG00000255529	4
ENSG00000255633	4
ENSG00000255717	4
ENSG00000255823	1
ENSG00000256045	2
ENSG00000256222	4
ENSG00000256618	4
ENSG00000257017	5
ENSG00000257702	2
ENSG00000258168	5
ENSG00000258227	2
ENSG00000258791	2
ENSG00000259001	4
ENSG00000259207	3
ENSG00000259225	1
ENSG00000259671	3
ENSG00000259834	5
ENSG00000260102	5
ENSG00000260290	1
ENSG00000260855	1
ENSG00000260908	5
ENSG00000260947	4
ENSG00000261649	2
ENSG00000261889	4
ENSG00000262879	1
ENSG00000262902	4
ENSG00000263563	5
ENSG00000263731	2
ENSG00000263740	4
ENSG00000263841	4
ENSG00000263968	4
ENSG00000264573	4
ENSG00000264978	4
ENSG00000265078	4
ENSG00000266389	4
ENSG00000266501	1
ENSG00000266714	1
ENSG00000266794	4
ENSG00000266920	4
ENSG00000267252	4
ENSG00000267809	1
ENSG00000268518	5
ENSG00000269292	1
ENSG00000269931	4
ENSG00000269951	4
ENSG00000270066	4
ENSG00000270069	3
ENSG00000270394	4
ENSG00000270672	4
ENSG00000271043	4
ENSG00000271581	1
ENSG00000272055	4
ENSG00000272325	5
ENSG00000273387	5
